Theme,Theme Full Text,Theme Summarization,Sentiment
Convenience: Portability,"Easy To Grab And Go: Reviewers commonly mentioned the convenience of being able to grab the sandwiches and go, emphasizing how easy it is to take them on the go for various activities. They appreciated the portability of the sandwiches, making them suitable for busy schedules and for children. ""Easy grab and go my children."" ""Quick, easy and can be on the go food."" Great for Lunchboxes and Travel: Many reviewers highlighted the sandwiches as ideal for packing in lunchboxes or for travel, emphasizing the practicality of the sandwiches for on-the-go consumption. ""Since they are frozen, you can pack in morning and by the time your child eats lunch at school the sandwich is still cold."" ""I find them to be am awesome snack to take when we'll be out running errands or a day trip.""","Reviewers commonly mentioned the convenience of being able to grab the sandwiches and go, emphasizing how easy it is to take them on the go for various activities. They appreciated the portability of the sandwiches, making them suitable for busy schedules and travel.",0.82
Convenience: Ease of Preparation,"Ease of Preparation: The majority of reviewers overwhelmingly expressed satisfaction with the convenience and ease of preparation of the products, particularly emphasizing the minimal effort required and quick preparation time. Many also highlighted the lack of mess and the simplicity of the process, making it suitable for various occasions, such as snacks or light meals. ""They are easy to prepare and delicious!"" ""Very easy to prepare, the texture is delicious even after being frozen, and the flavors taste natural and true!"" Child-Friendly Convenience: A significant number of reviewers specifically noted the child-friendly nature of the products, emphasizing the ability for children to easily prepare and consume the items without creating a mess. The aspect of convenience for children's independent snacking was frequently mentioned.","The majority of reviewers overwhelmingly expressed satisfaction with the convenience and ease of preparation of the products, particularly emphasizing the minimal effort required and quick preparation time. Many also highlighted the lack of mess and the simplicity of the process, making it suitable for various occasions, such as snacks or light meals.",0.79
Cooking & Preparation: Versatility,"Versatile Meal Option: Reviewers appreciate the versatility of the product, mentioning that it can be used for a variety of meals such as lunch, dinner, snack, or as part of a side dish. They also highlight that it fits well into multiple settings, including at home, work, school, and even for picnics. ""Great for dessert after a meal."" ""They're convenient but also just as easy to make at home in a way that tastes better and fresher."" Various Cooking Methods: Reviewers express satisfaction with the various cooking methods available for the product, such as oven, microwave, or frying. They highlight the convenience of being able to eat the product warm or cold, providing flexibility for different preferences and situations. ""You can put them in the oven, fry them, or pop them in the microwave for a few seconds.""","Reviewers appreciate the versatility of the product, mentioning that it can be used for a variety of meals such as lunch, dinner, snack, or as part of a side dish. They also highlight that it fits well into multiple settings, including at home, work, school, and even for picnics.",0.69
Convenience: Time Saving,"Quick and Easy Meal Option: Reviewers frequently highlighted the convenience of the product as a quick and easy meal option, saving time for both adults and children, making it ideal for busy schedules. ""Great easy quick food item."" ""If you are lazy like me and looking for a quick snack, these are the best!"" On-the-Go Snack for All Ages: The product was often praised as a convenient on-the-go snack, suitable for various age groups, highlighting its ease of consumption without needing preparation, fitting into fast-paced lifestyles. ""They are quick and easy as a breakfast option or just as a sweet snack!"" ""It's a quick snack for the kids!""","Quick and Easy Meal Option: Reviewers frequently highlighted the convenience of the product as a quick and easy meal option, saving time for both adults and children, making it ideal for busy schedules.",0.77
Flavor & Taste: Variety,"Preference for Grape and Strawberry Flavors: Reviewers overwhelmingly express a preference for the grape and strawberry flavors. Both flavors are consistently praised as favorites, with many mentioning their love for the traditional and classic taste of grape and the sweet, nostalgic appeal of strawberry. ""Grape and strawberry are the favorites."" ""The grape ones great too."" Preference for Spicy Flavors: Some reviewers express a preference for spicy flavors and enjoy varieties with a 'kick' or a little more of a kick. They appreciate the added flavor dimension and find it more appealing than non-spicy alternatives. ""Spicy jalape√±o and bean burritos are my favorite!"" ""This one has more of a kick to it than the other chicken flavor, but I actually prefer it.""","Reviewers overwhelmingly express a preference for grape and strawberry flavors. Both flavors are consistently praised as favorites, with many mentioning their love for the traditional and classic taste of grape and the sweet, nostalgic appeal of strawberry.",0.62
Shipping & Fulfillment: Stock & Availability,"Missing Items: A significant number of reviewers reported missing items from their orders, expressing dissatisfaction and frustration. This issue impacted their overall experience and may lead to some seeking refunds or alternative options. ""I didn't receive all my order."" ""The shopper are always messing up my orders."" Product Substitution: Reviewers expressed concerns about receiving substituted items that did not match their original order, leading to disappointment and distrust in the delivery service. This could impact their future purchasing decisions and trust in the delivery service. ""I didn't receive the uncrustables, that was missing from my order."" ""I ask ham croquetas and I got chicken croquetas.""","A significant number of reviewers reported missing items from their orders, expressing dissatisfaction and frustration. This issue impacted their overall experience and may lead to some seeking refunds or alternative options.",-0.04
Ingredients & Formulation: Quality Control,"Inconsistent Meat Quality: Many reviewers expressed dissatisfaction with the inconsistency in the quality of meat ingredients, citing experiences of chewy, gross, or mechanically separated meat in products. Some even reported finding foreign objects such as fingernails and whole feathers. ""I'd guess the quality meat leaks grease when cooking and soaks into the coating."" ""I was excited to try these, but the first sandwich I made had a bone in it!"" Lack of Clear Ingredient Identification: Several reviewers criticized the lack of clarity in discerning the type and quality of ingredients used in the products, suggesting issues with misrepresentation and ambiguity in the composition of meat and other components. ""Green mold on both the burritos I bought."" ""If you don't read the box, it's hard to tell what kind of meat is in them.""","Many reviewers expressed dissatisfaction with the inconsistency in the quality of meat ingredients, citing experiences of chewy, gross, or mechanically separated meat in products. Some even reported finding foreign objects such as fingernails and whole feathers.",-0.08
Ingredients & Formulation: Cheese Quality,"Lack of Cheese Quantity: Many consumers expressed dissatisfaction with the amount of cheese present in the products, often finding them lacking, dry, or barely noticeable. Some indicated a desire for more cheese to improve the overall experience. ""It was very dry and barely had any cheese on it."" ""There was very little cheese, quite disappointing."" Cheese Quality and Authenticity: A number of reviewers raised concerns about the quality and authenticity of the cheese used in the products. Some mentioned that the cheese did not melt properly, tasted fake, or had a watery consistency, indicatingindicating a need for improved cheese quality. ""The cheese substance was horrible."" ""The cheese literally tastes like it has been mixed with water.""","Many consumers expressed dissatisfaction with the amount of cheese present in the products, often finding them lacking, dry, or barely noticeable. Some indicated a desire for more cheese to improve the overall experience.",-0.1
Size & Servings: Size & Shape,"Small Size Dissatisfaction: Several reviewers expressed dissatisfaction with the small size of the products, often indicating that they were smaller than expected and not fulfilling as a full meal. ""Kids loved it, easy for a snack but still not a meal because they are tiny."" ""The buns are sufficiently sized for the little burger."" Several reviewers expressed dissatisfaction with the small size of the products, often indicating that they were smaller than expected and not fulfilling as a full meal. Deceptive Product Appearance: Many reviewers mentioned that the actual size and shape of the products did not match the pictures on the packaging, leading to disappointment and frustration. ""Pictures and description should be clear that these are sliders."" ""The look of it was disgusting."" | Many reviewers mentioned that the actual size and shape of the products did not match the pictures on the packaging, leading to disappointment and frustration.","Several reviewers expressed dissatisfaction with the small size of the products, often indicating that they were smaller than expected and not fulfilling as a full meal.",-0.13
Ingredients & Formulation: Change in Formula,"Displeasure with Recipe Changes: Numerous reviewers expressed dissatisfaction with the changes to the ingredients and formulation of various food products, emphasizing a preference for the original recipes that they found more enjoyable and suitable for their needs. ""Something for sure changed."" ""They change the recipe, these used to be almost as good as the best patty brand you find while visiting Jamaica."" Negative Reactions to Taste and Texture Alterations: Many reviewers mentioned negative shifts in taste, texture, and quality following alterations to the products' formulations, leading to disappointment and a reluctance to purchase the updated versions. ""Not the same as they used to be and really not good at all."" ""It didn't taste like their normal grape jelly.""","Numerous reviewers expressed dissatisfaction with the changes to the ingredients and formulation of various food products, emphasizing a preference for the original recipes that they found more enjoyable and suitable for their needs.",-0.32